Leia Ramona Leia.Ramona@ican-school.com
Therine Tremayne Therine.Tremayne@ican-school.com
Queenie Verger Queenie.Verger@ican-school.com
Gisela Gualtiero Gisela.Gualtiero@ican-school.com
Meriel Erich Meriel.Erich@ican-school.com
Ermengarde Mauer Ermengarde.Mauer@ican-school.com
Aubrie Eiser Aubrie.Eiser@ican-school.com
Zaria Amasa Zaria.Amasa@ican-school.com
Ardenia Ricki Ardenia.Ricki@ican-school.com
Rosaline Gualtiero Rosaline.Gualtiero@ican-school.com
Britni Mintz Britni.Mintz@ican-school.com
Fayre Holtz Fayre.Holtz@ican-school.com
Mellicent Mauer Mellicent.Mauer@ican-school.com
Ileana Ariella Ileana.Ariella@ican-school.com
Lesly Ehrman Lesly.Ehrman@ican-school.com
Jessy Claudine Jessy.Claudine@ican-school.com
Charlena Love Charlena.Love@ican-school.com
Consuela Flyn Consuela.Flyn@ican-school.com
Alex Ricki Alex.Ricki@ican-school.com
Lucille Niccolo Lucille.Niccolo@ican-school.com
Aaren Tannie Aaren.Tannie@ican-school.com
Letizia Euridice Letizia.Euridice@ican-school.com
Dorene Taam Dorene.Taam@ican-school.com
Charmaine O'Carroll Charmaine.O'Carroll@ican-school.com
Deedee Thad Deedee.Thad@ican-school.com
Phylis Cassius Phylis.Cassius@ican-school.com
Ira Horan Ira.Horan@ican-school.com
Ivett Gavrila Ivett.Gavrila@ican-school.com
Sheelagh Taima Sheelagh.Taima@ican-school.com
Frieda Oneida Frieda.Oneida@ican-school.com
Hollie Astra Hollie.Astra@ican-school.com
Theodora Blake Theodora.Blake@ican-school.com
Nadine Lane Nadine.Lane@ican-school.com
Tierney Voletta Tierney.Voletta@ican-school.com
Sherrie Hutchison Sherrie.Hutchison@ican-school.com
Oralee Erskine Oralee.Erskine@ican-school.com
Emelina Vacuva Emelina.Vacuva@ican-school.com
Madeleine Arley Madeleine.Arley@ican-school.com
Max Loleta Max.Loleta@ican-school.com
Norine Celestine Norine.Celestine@ican-school.com
Lyssa Yoko Lyssa.Yoko@ican-school.com
Jillayne Kare Jillayne.Kare@ican-school.com
Kerrin Meli Kerrin.Meli@ican-school.com
Suzette Aurelio Suzette.Aurelio@ican-school.com
Noelle Sheng Noelle.Sheng@ican-school.com
Rosabelle Abernon Rosabelle.Abernon@ican-school.com
Gerianna Orlene Gerianna.Orlene@ican-school.com
Rosabelle Knowling Rosabelle.Knowling@ican-school.com
Alex Rad Alex.Rad@ican-school.com
Michaelina Maiah Michaelina.Maiah@ican-school.com
Dyann Emmaline Dyann.Emmaline@ican-school.com
Correy O'Rourke Correy.O'Rourke@ican-school.com
Kittie Fennessy Kittie.Fennessy@ican-school.com
Viki Maroney Viki.Maroney@ican-school.com
Tina Gregrory Tina.Gregrory@ican-school.com
Alejandra Leonard Alejandra.Leonard@ican-school.com
Riannon Alabaster Riannon.Alabaster@ican-school.com
Renae Leary Renae.Leary@ican-school.com
Pollyanna Pond Pollyanna.Pond@ican-school.com
Pearline Turne Pearline.Turne@ican-school.com
Joy Llovera Joy.Llovera@ican-school.com
Mady Han Mady.Han@ican-school.com
Nikki Celestine Nikki.Celestine@ican-school.com
Lindie Wallis Lindie.Wallis@ican-school.com
Ronna Santoro Ronna.Santoro@ican-school.com
Taffy Afton Taffy.Afton@ican-school.com
Evaleen Giule Evaleen.Giule@ican-school.com
Janis Bryna Janis.Bryna@ican-school.com
Janeczka Artie Janeczka.Artie@ican-school.com
Gale Lindemann Gale.Lindemann@ican-school.com
Charlena Gert Charlena.Gert@ican-school.com
Henriette Cutlerr Henriette.Cutlerr@ican-school.com
Lonnie Couture Lonnie.Couture@ican-school.com
Bobbi Gilmour Bobbi.Gilmour@ican-school.com
Frances Amand Frances.Amand@ican-school.com
Cindelyn Krystle Cindelyn.Krystle@ican-school.com
Zsa Zsa Tryck Zsa Zsa.Tryck@ican-school.com
Lizzie Pauly Lizzie.Pauly@ican-school.com
Katleen Winnick Katleen.Winnick@ican-school.com
Micheline Zuzana Micheline.Zuzana@ican-school.com
Raf Paton Raf.Paton@ican-school.com
Imojean August Imojean.August@ican-school.com
Gabriellia Ricki Gabriellia.Ricki@ican-school.com
Hayley Wesle Hayley.Wesle@ican-school.com
Michaelina Emerson Michaelina.Emerson@ican-school.com
Olivette Sinegold Olivette.Sinegold@ican-school.com
Suzette Plato Suzette.Plato@ican-school.com
Mignon Hutchison Mignon.Hutchison@ican-school.com
Tori Kauppi Tori.Kauppi@ican-school.com
Ardenia Delila Ardenia.Delila@ican-school.com
Cristine Alarise Cristine.Alarise@ican-school.com
Aurelie Remmer Aurelie.Remmer@ican-school.com
Lynde Rurik Lynde.Rurik@ican-school.com
Lexine Camden Lexine.Camden@ican-school.com
Antonietta Nea Antonietta.Nea@ican-school.com
Nananne Allare Nananne.Allare@ican-school.com
Ericka Rogerio Ericka.Rogerio@ican-school.com
Lusa Korey Lusa.Korey@ican-school.com
Stephanie Jeanne Stephanie.Jeanne@ican-school.com
Delilah Seligman Delilah.Seligman@ican-school.com
Elena Hamil Elena.Hamil@ican-school.com
Tobe Amethist Tobe.Amethist@ican-school.com
Jillayne Lewes Jillayne.Lewes@ican-school.com
Aeriela Fulmer Aeriela.Fulmer@ican-school.com
Perry Marlie Perry.Marlie@ican-school.com
Lynde Burch Lynde.Burch@ican-school.com
Marleah Ephrem Marleah.Ephrem@ican-school.com
Dotty Mata Dotty.Mata@ican-school.com
Agathe Juliet Agathe.Juliet@ican-school.com
Minne Toni Minne.Toni@ican-school.com
Ida Karna Ida.Karna@ican-school.com
Gianina Grobe Gianina.Grobe@ican-school.com
Nicoli Cookie Nicoli.Cookie@ican-school.com
Karly Narton Karly.Narton@ican-school.com
Liana Radu Liana.Radu@ican-school.com
Tierney Redmond Tierney.Redmond@ican-school.com
Britte Gaal Britte.Gaal@ican-school.com
Alie Jotham Alie.Jotham@ican-school.com
Ericka Lalitta Ericka.Lalitta@ican-school.com
Ileana Gavrila Ileana.Gavrila@ican-school.com
Odessa Bebe Odessa.Bebe@ican-school.com
Alia Nikaniki Alia.Nikaniki@ican-school.com
Ida Couture Ida.Couture@ican-school.com
Kerrin Martsen Kerrin.Martsen@ican-school.com
Elka Diogenes Elka.Diogenes@ican-school.com
Bettine Liebermann Bettine.Liebermann@ican-school.com
Mahalia Gilbertson Mahalia.Gilbertson@ican-school.com
Viviene Arathorn Viviene.Arathorn@ican-school.com
Lacie Arley Lacie.Arley@ican-school.com
Claresta Lissi Claresta.Lissi@ican-school.com
Lanna Croix Lanna.Croix@ican-school.com
Marleah Truc Marleah.Truc@ican-school.com
Bobbi Angelis Bobbi.Angelis@ican-school.com
Augustine Damarra Augustine.Damarra@ican-school.com
Ulrike Sundin Ulrike.Sundin@ican-school.com
Reeba Markman Reeba.Markman@ican-school.com
Kirstin Millda Kirstin.Millda@ican-school.com
Andeee Papageno Andeee.Papageno@ican-school.com
Sophia Burnside Sophia.Burnside@ican-school.com
Jemie Edvard Jemie.Edvard@ican-school.com
Libbie Hathaway Libbie.Hathaway@ican-school.com
Consuela Merriott Consuela.Merriott@ican-school.com
Priscilla Noam Priscilla.Noam@ican-school.com
Catharine Larochelle Catharine.Larochelle@ican-school.com
Ricky Bury Ricky.Bury@ican-school.com
Wilma Bertold Wilma.Bertold@ican-school.com
Therine Sheng Therine.Sheng@ican-school.com
Sibella Blake Sibella.Blake@ican-school.com
Fredericka Keelia Fredericka.Keelia@ican-school.com
Edith Jacqui Edith.Jacqui@ican-school.com
Brana Tjon Brana.Tjon@ican-school.com
Taffy Reneta Taffy.Reneta@ican-school.com
Ricky Kenwood Ricky.Kenwood@ican-school.com
Estell Presber Estell.Presber@ican-school.com
Kaja Hubert Kaja.Hubert@ican-school.com
Susette Geffner Susette.Geffner@ican-school.com
Paulita Fink Paulita.Fink@ican-school.com
Tobe Burch Tobe.Burch@ican-school.com
Fidelia Plato Fidelia.Plato@ican-school.com
Mignon Prouty Mignon.Prouty@ican-school.com
Annaliese Loleta Annaliese.Loleta@ican-school.com
Mathilda Jary Mathilda.Jary@ican-school.com
Fredericka Tayib Fredericka.Tayib@ican-school.com
Sheelagh Evvie Sheelagh.Evvie@ican-school.com
Adore MacIntosh Adore.MacIntosh@ican-school.com
Celisse Laverne Celisse.Laverne@ican-school.com
Kamilah Wooster Kamilah.Wooster@ican-school.com
Darlleen Warthman Darlleen.Warthman@ican-school.com
June Rosemary June.Rosemary@ican-school.com
Rani Creamer Rani.Creamer@ican-school.com
Nonnah Hanleigh Nonnah.Hanleigh@ican-school.com
Nita Ventre Nita.Ventre@ican-school.com
Carolina Jillane Carolina.Jillane@ican-school.com
Elise Ioab Elise.Ioab@ican-school.com
Clo Gwenore Clo.Gwenore@ican-school.com
Constance Breed Constance.Breed@ican-school.com
Meghann Even Meghann.Even@ican-school.com
Donetta Skurnik Donetta.Skurnik@ican-school.com
Maisey Rustice Maisey.Rustice@ican-school.com
